{"cameraMode":{"drawMode":0,"name":"Shaded","section":"Shading Mode"},"sceneLighting":true,"audioPlay":false,"sceneViewState":{"showFog":true,"showMaterialUpdate":false,"showSkybox":true,"showFlares":true,"showImageEffects":true,"showParticleSystems":true},"in2DMode":false,"pivot":{"x":-1.1526813507080079,"y":8.119512557983399,"z":-3.920907974243164},"rotation":{"x":0.06291449815034867,"y":-0.03741685673594475,"z":0.002360719256103039,"w":0.9973172545433044},"size":8.945123672485352,"orthographic":false}