{"cameraMode":{"drawMode":0,"name":"Shaded","section":"Shading Mode"},"sceneLighting":true,"audioPlay":false,"sceneViewState":{"showFog":true,"showMaterialUpdate":false,"showSkybox":true,"showFlares":true,"showImageEffects":true,"showParticleSystems":true},"in2DMode":false,"pivot":{"x":0.05388617515563965,"y":15.36090087890625,"z":-8.459257125854493},"rotation":{"x":0.16273196041584016,"y":-0.0221980232745409,"z":0.003662379691377282,"w":0.9864161014556885},"size":9.423752784729004,"orthographic":false}